label_0,label_1,label_2,label_3,label_4,label_5,label_6,label_7,imageBucket
0,1,0,0,1,1,0,0,0
0,0,1,0,0,1,1,0,1
1,0,0,0,0,0,1,0,2
1,0,0,0,1,0,1,0,3
0,0,0,1,1,1,0,0,4
0,1,0,0,1,0,0,1,5
0,0,1,0,0,1,0,1,6
1,0,1,1,0,0,0,1,7
1,0,1,0,0,0,1,1,8
0,1,0,1,0,1,0,1,9
1,1,0,0,0,1,0,0,10
0,0,1,0,0,0,1,1,11
0,1,0,0,0,0,1,0,12
1,0,1,1,0,0,0,0,13
0,0,0,0,1,1,0,1,14
0,1,1,1,1,0,0,0,15
0,0,0,0,1,1,1,0,16
1,1,1,0,0,0,0,0,17
0,0,0,0,0,0,1,1,18
1,0,1,0,0,1,0,0,19
1,0,0,0,1,1,0,0,20
0,0,1,1,0,0,1,0,21
1,0,0,0,1,0,1,0,22
1,0,0,1,0,1,1,0,23
0,1,0,1,0,0,0,1,24
0,0,0,1,1,0,1,0,25
0,1,0,0,0,0,0,1,26
0,0,1,0,1,0,0,0,27
1,1,0,1,0,0,0,0,28
0,1,1,0,0,0,1,1,29
0,0,1,0,0,1,0,1,30
0,1,0,1,0,0,1,0,31
0,0,1,1,1,0,1,0,32
0,1,0,0,0,0,1,1,33
0,1,1,0,0,1,0,1,34
1,0,0,0,0,0,0,1,35
0,0,1,0,0,1,0,1,36
1,0,0,0,1,1,0,0,37
0,1,0,1,1,0,0,1,38
0,0,1,0,0,1,0,1,39
1,0,0,0,0,1,1,0,40
0,0,1,0,0,0,0,1,41
0,0,0,1,1,0,0,1,42
0,1,1,0,0,1,1,0,43
0,1,0,1,1,0,1,0,44
1,0,0,0,1,1,0,0,45
0,0,0,0,0,1,1,0,46
0,0,0,0,0,0,0,1,47
1,1,0,0,0,0,0,0,48
1,0,1,0,0,0,1,0,49
0,1,0,0,0,1,1,0,50
0,1,0,1,1,0,0,1,51
1,0,1,0,0,0,1,0,52
0,0,0,1,0,1,0,1,53
1,0,1,0,0,1,0,0,54
1,1,1,0,1,0,0,0,55
1,0,0,0,1,0,0,1,56
0,0,0,0,1,1,1,0,57
0,0,0,1,1,1,0,1,58
0,0,1,0,1,0,0,1,59
0,1,1,0,1,1,0,0,60
0,0,1,0,1,0,0,0,61
1,0,0,0,0,1,0,1,62
1,0,1,0,1,0,1,0,63
0,1,0,0,0,0,1,0,64
0,1,0,0,0,1,0,0,65
0,1,1,0,1,0,0,1,66
1,0,0,1,0,1,0,0,67
1,1,0,0,0,1,0,0,68
1,0,0,0,0,1,1,0,69
0,0,1,0,0,1,0,0,70
0,0,0,0,1,1,0,0,71
1,0,0,0,1,0,0,0,72
0,0,1,0,1,0,1,1,73
1,0,0,0,0,0,0,1,74
0,0,1,0,1,0,0,0,75
1,1,0,0,0,1,0,0,76
0,1,1,1,0,0,0,0,77
1,0,0,1,1,0,0,0,78
0,0,1,1,1,0,0,0,79
0,1,0,0,1,0,0,1,80
1,0,0,0,0,1,0,1,81
0,1,0,1,0,0,0,0,82
0,1,0,1,0,1,0,0,83
0,1,1,0,0,0,1,0,84
0,0,0,1,1,1,0,0,85
1,0,0,0,1,1,0,1,86
1,1,0,0,0,0,0,1,87
0,1,1,1,0,0,0,0,88
0,0,0,0,0,1,0,1,89
0,0,0,1,0,1,0,1,90
0,1,1,0,0,0,1,0,91
1,0,1,1,0,0,0,0,92
1,0,1,0,1,0,0,1,93
0,1,0,1,0,1,0,0,94
0,1,0,1,1,1,0,0,95
1,0,0,1,0,0,1,1,96
0,0,0,0,1,1,0,0,97
0,0,0,0,1,0,0,1,98
0,1,1,0,0,0,0,1,99
0,1,1,0,0,1,0,1,100
1,1,1,1,0,0,0,0,101
0,0,0,1,1,0,1,1,102
0,0,0,0,0,1,0,1,103
0,1,0,1,0,0,0,1,104
0,1,0,0,0,1,0,1,105
0,1,0,0,0,1,1,0,106
1,0,1,0,0,1,0,1,107
0,1,0,0,0,0,1,1,108
0,0,0,1,1,0,1,1,109
0,1,1,0,0,0,0,1,110
0,0,1,0,0,0,1,1,111
0,1,0,0,0,1,0,1,112
1,0,0,1,0,1,0,0,113
0,0,1,0,0,0,0,1,114
1,1,0,0,1,1,0,0,115
0,0,0,1,0,1,0,0,116
0,0,0,1,1,0,0,1,117
1,0,0,0,1,0,0,1,118
0,0,0,0,0,0,1,1,119
1,1,0,0,0,0,1,0,120
0,0,0,1,0,0,1,1,121
0,0,0,0,1,1,1,0,122
0,1,1,0,1,0,0,0,123
0,1,1,0,1,0,0,0,124
0,0,1,0,0,1,0,0,125
0,1,0,0,1,0,1,0,126
0,1,0,0,1,1,1,0,127
0,1,0,0,1,1,0,1,128
0,1,0,0,0,1,0,1,129
0,1,0,0,0,0,0,1,130
0,0,0,0,1,0,1,1,131
0,0,0,0,0,1,1,1,132
0,0,0,0,1,1,0,0,133
0,0,1,0,0,0,0,1,134
1,0,1,0,1,0,0,0,135
1,0,0,1,0,0,0,1,136
0,1,0,0,1,0,0,1,137
0,0,0,1,0,0,0,0,138
0,0,0,1,0,1,1,0,139
1,0,1,0,1,0,0,0,140
1,1,0,0,0,1,0,0,141
1,1,0,1,1,0,0,0,142
0,0,0,1,0,0,0,1,143
0,0,1,0,1,0,0,0,144
0,0,0,1,0,0,1,0,145
0,0,1,0,1,0,0,1,146
0,1,1,0,0,1,0,0,147
0,1,1,0,0,1,1,0,148
0,1,0,1,0,1,0,1,149
1,0,1,0,0,0,1,0,150
1,1,0,1,0,0,0,1,151
0,1,0,0,1,0,0,0,152
0,1,0,1,0,1,0,1,153
0,0,1,0,1,0,0,0,154
0,0,1,0,0,0,0,1,155
0,1,0,0,1,0,0,1,156
0,0,1,0,0,1,1,0,157
1,0,0,1,1,0,0,0,158
1,0,0,0,0,0,1,0,159
0,0,0,0,0,1,1,0,160
0,0,1,0,1,1,0,0,161
0,0,0,1,1,0,0,1,162
0,1,0,0,0,1,0,1,163
1,1,0,0,0,1,0,0,164
0,1,0,1,0,1,0,0,165
0,0,1,1,0,0,1,0,166
0,1,0,0,0,0,1,1,167
1,0,1,0,0,0,0,1,168
0,0,0,0,1,1,1,0,169
0,0,0,0,0,0,1,1,170
0,0,0,1,1,1,1,0,171
1,0,1,0,1,0,0,0,172
0,0,1,0,0,1,0,0,173
1,0,1,0,0,0,0,1,174
0,1,1,0,0,0,0,1,175
0,0,0,0,0,0,1,1,176
1,0,0,0,0,0,1,1,177
0,0,1,1,1,1,0,0,178
1,0,0,0,1,0,0,0,179
0,0,1,1,0,0,1,0,180
0,0,1,0,1,1,0,0,181
0,1,1,0,1,0,0,0,182
0,0,1,0,0,0,1,1,183
1,0,0,0,0,1,1,1,184
1,0,1,1,0,0,0,0,185
0,1,0,0,0,1,0,0,186
1,0,0,0,1,0,0,0,187
0,1,1,0,0,0,1,0,188
0,0,0,1,1,0,0,1,189
0,1,0,0,0,0,1,1,190
0,0,0,1,1,0,1,0,191
1,0,0,1,0,1,0,1,192
1,0,0,0,1,0,0,1,193
0,0,1,1,0,0,1,0,194
1,0,1,0,1,0,0,0,195
0,1,0,0,1,1,0,1,196
1,1,0,0,0,0,1,0,197
0,0,1,1,1,0,1,0,198
0,1,1,0,0,1,0,0,199
0,1,0,0,0,1,0,1,200
1,0,0,1,1,1,0,0,201
0,1,0,1,0,1,0,1,202
0,0,0,0,0,1,0,1,203
1,0,1,0,0,1,0,1,204
0,1,0,0,1,1,0,0,205
0,1,1,0,1,0,0,1,206
0,0,1,1,0,0,1,1,207
0,1,0,0,1,0,0,1,208
1,0,0,0,0,0,1,1,209
0,0,0,1,1,0,0,0,210
0,0,1,0,1,0,1,0,211
0,1,1,0,0,0,0,1,212
0,0,0,1,1,1,1,0,213
1,0,1,0,0,0,1,1,214
1,0,0,0,1,0,0,1,215
0,1,1,1,0,0,0,1,216
0,0,0,0,0,1,1,1,217
1,1,0,0,0,0,0,0,218
1,1,0,0,0,1,0,0,219
0,0,0,0,1,1,1,0,220
0,0,1,0,0,0,1,1,221
0,1,1,0,0,0,0,1,222
0,1,1,1,0,0,0,0,223
1,1,0,0,0,0,0,0,224
0,1,0,1,0,0,0,1,225
1,0,1,0,0,0,0,1,226
0,0,1,0,1,0,1,0,227
0,1,0,1,0,0,0,1,228
0,0,0,0,1,0,0,0,229
0,1,0,1,0,1,0,0,230
1,1,1,0,0,1,0,0,231
1,0,0,0,0,0,0,1,232
0,0,1,0,0,0,1,0,233
0,0,0,1,0,1,0,1,234
1,0,0,0,0,1,0,0,235
1,0,0,0,1,0,1,0,236
0,0,1,0,1,1,0,1,237
1,0,0,0,0,0,1,0,238
0,0,0,1,0,0,1,1,239
1,1,0,0,0,0,0,1,240
0,0,0,1,0,1,1,0,241
0,1,0,0,1,0,1,1,242
0,0,0,1,1,0,1,0,243
0,1,0,0,1,0,1,0,244
1,1,0,0,0,1,1,0,245
0,0,0,0,1,1,0,0,246
0,0,0,1,0,1,0,1,247
1,0,1,0,0,1,0,0,248
0,1,0,0,0,0,0,1,249
0,1,1,0,1,0,1,0,250
1,0,1,0,0,1,0,0,251
0,1,0,1,1,0,0,0,252
0,1,0,0,1,0,0,1,253
1,0,0,0,1,0,1,1,254
1,0,0,1,1,0,0,0,255
1,0,0,0,0,1,0,0,256
0,0,0,0,1,0,0,1,257
1,0,1,0,0,0,1,0,258
0,0,0,1,0,1,0,1,259
0,0,0,0,1,0,0,1,260
1,0,0,1,1,1,0,0,261
1,1,0,1,0,0,0,0,262
0,0,0,1,0,1,1,0,263
0,1,0,1,0,0,0,0,264
1,0,0,1,0,0,0,1,265
1,0,1,0,1,0,0,0,266
1,0,0,0,1,1,1,0,267
0,0,0,1,1,0,0,1,268
0,1,1,0,0,0,1,0,269
0,1,0,0,1,1,0,0,270
0,1,0,0,0,1,1,1,271
0,0,1,1,1,0,0,0,272
0,1,0,0,0,0,0,1,273
0,0,0,0,1,1,0,0,274
0,1,0,0,0,0,0,0,275
0,0,1,0,0,0,1,1,276
0,1,1,0,1,0,0,1,277
1,1,0,0,0,0,0,1,278
0,1,1,1,0,0,0,1,279
0,1,0,1,0,0,1,0,280
0,0,0,1,0,0,1,1,281
0,0,0,0,0,1,0,1,282
1,1,1,0,0,0,0,0,283
0,0,1,0,0,1,1,0,284
1,0,1,0,0,1,1,0,285
0,0,0,0,0,1,1,1,286
1,1,0,0,0,0,0,1,287
1,1,0,0,0,0,1,0,288
0,0,0,1,1,1,0,0,289
1,1,1,0,0,0,0,1,290
0,1,0,1,1,0,0,0,291
1,0,0,0,0,0,1,0,292
1,1,0,0,1,0,0,0,293
1,0,0,0,0,1,0,0,294
0,0,1,1,1,0,0,0,295
0,1,0,1,0,0,1,0,296
0,1,0,1,0,1,0,0,297
0,1,0,1,0,0,0,0,298
0,0,1,1,1,0,0,0,299
0,0,1,1,0,0,0,1,300
1,1,0,0,0,0,1,0,301
0,1,0,0,0,0,1,0,302
0,0,1,0,1,0,0,1,303
0,1,0,0,1,0,0,1,304
0,0,0,0,0,1,1,1,305
0,0,1,0,1,1,0,1,306
0,0,0,0,1,1,1,0,307
0,1,1,0,0,1,0,0,308
0,0,1,1,1,0,0,1,309
0,1,0,0,1,0,0,0,310
0,0,0,1,0,0,1,0,311
0,1,0,0,0,0,1,1,312
0,0,0,0,1,0,0,1,313
1,0,1,1,0,1,0,0,314
1,1,0,0,1,0,0,0,315
0,1,0,0,0,1,1,0,316
0,0,0,1,1,1,0,0,317
1,0,1,0,0,0,0,1,318
0,1,0,0,1,0,1,0,319
0,1,1,0,1,0,0,0,320
0,0,1,1,0,0,0,0,321
1,1,0,0,0,0,0,1,322
0,1,0,0,1,0,0,1,323
0,1,0,0,0,1,0,0,324
0,0,1,1,1,0,0,0,325
1,0,1,0,0,1,0,0,326
0,0,0,0,0,1,0,1,327
0,0,0,0,1,0,0,1,328
0,0,1,1,0,0,1,1,329
0,1,0,1,0,1,0,1,330
1,1,0,0,0,1,1,0,331
0,1,0,1,0,0,1,0,332
1,1,0,0,0,0,0,1,333
1,1,0,0,0,1,1,0,334
1,1,0,0,1,0,0,1,335
1,0,1,0,1,0,0,0,336
0,0,0,0,0,1,0,1,337
0,0,1,0,1,1,1,0,338
0,1,1,0,0,1,0,0,339
0,0,0,1,0,1,1,0,340
0,1,1,0,1,0,0,1,341
1,0,1,0,0,1,1,0,342
1,1,0,0,0,0,0,1,343
0,0,0,1,0,0,1,1,344
1,0,0,0,0,1,0,1,345
1,0,1,1,0,0,1,0,346
0,0,1,0,1,0,0,0,347
0,0,0,0,1,0,1,1,348
0,0,1,0,0,0,1,0,349
0,0,1,0,0,1,1,0,350
0,1,1,1,0,0,0,0,351
0,1,0,0,1,1,0,0,352
1,1,0,0,1,0,0,1,353
1,1,0,1,0,0,0,0,354
0,0,0,1,0,0,1,1,355
0,1,0,0,1,1,1,0,356
0,1,1,0,0,0,0,0,357
0,1,0,0,0,1,0,0,358
0,1,0,0,0,0,0,1,359
0,0,0,0,1,0,1,0,360
0,1,0,0,0,1,1,0,361
1,0,1,0,0,1,0,0,362
0,1,0,0,0,1,1,0,363
0,0,0,0,1,0,1,1,364
0,1,1,1,0,0,0,1,365
1,1,0,0,0,0,0,1,366
0,1,0,1,0,0,1,0,367
1,1,1,0,0,0,0,0,368
1,0,1,1,0,0,0,0,369
1,1,0,0,1,0,0,0,370
1,0,1,0,0,0,0,1,371
0,1,1,1,0,1,0,0,372
0,1,1,0,1,0,0,0,373
0,0,1,0,1,0,1,0,374
0,1,0,0,0,1,0,0,375
0,1,0,0,0,0,0,1,376
0,1,1,0,1,0,1,0,377
0,0,0,1,0,1,0,1,378
0,0,1,0,0,0,1,0,379
1,1,0,0,1,0,0,0,380
0,1,0,1,0,1,0,0,381
0,0,0,0,0,1,0,1,382
0,0,0,1,1,1,0,1,383
1,1,0,0,0,1,0,1,384
0,1,0,0,0,1,0,1,385
0,0,0,0,0,1,1,0,386
0,0,1,0,1,0,1,0,387
0,0,0,0,0,0,1,1,388
0,0,0,0,1,1,0,0,389
1,0,1,0,0,0,0,1,390
0,0,1,0,0,1,0,0,391
0,1,0,1,0,0,0,1,392
0,0,1,0,1,1,0,0,393
0,0,1,1,0,0,0,1,394
0,0,1,0,0,0,1,1,395
0,1,1,0,0,0,1,0,396
0,0,1,1,0,0,1,0,397
0,1,1,0,0,0,0,1,398
1,0,1,0,0,1,0,0,399
1,1,1,0,0,0,0,0,400
0,0,0,0,0,1,0,1,401
0,0,1,1,0,0,0,1,402
1,0,0,0,1,1,0,1,403
0,0,1,1,0,0,0,0,404
0,0,1,0,0,1,1,1,405
0,1,0,1,0,1,0,0,406
1,0,1,1,0,0,1,0,407
0,1,0,1,0,1,0,0,408
1,0,1,0,0,1,0,0,409
0,0,1,0,0,0,1,1,410
0,1,0,0,0,1,0,1,411
0,1,0,0,1,0,0,1,412
0,0,1,0,0,0,1,0,413
0,0,0,0,1,1,1,0,414
1,0,1,0,1,0,0,0,415
0,1,1,0,0,0,0,1,416
0,0,0,0,0,1,1,0,417
1,0,0,0,0,1,0,1,418
0,0,0,0,1,1,0,0,419
0,1,0,0,0,1,0,1,420
0,1,1,0,0,0,0,1,421
0,0,0,1,1,1,0,1,422
1,1,0,0,0,0,0,1,423
0,1,1,0,0,0,0,1,424
0,0,0,0,1,0,1,0,425
0,1,0,1,0,0,0,0,426
0,0,1,1,1,1,0,0,427
0,1,1,0,0,0,1,0,428
0,0,1,0,1,1,1,0,429
0,0,0,1,0,0,0,1,430
0,0,1,0,0,0,0,0,431
1,1,1,0,0,0,1,0,432
0,0,0,0,0,1,1,0,433
1,1,0,0,0,0,1,0,434
0,0,0,0,0,1,1,0,435
0,1,1,0,0,0,0,1,436
0,1,1,1,0,0,0,0,437
0,1,1,0,1,0,0,0,438
0,1,0,0,1,0,0,0,439
1,0,0,1,0,0,0,1,440
0,0,1,0,0,1,0,1,441
0,0,1,0,0,0,1,0,442
1,0,1,0,1,1,0,0,443
0,0,1,0,1,1,0,0,444
0,0,1,0,0,0,0,1,445
0,1,1,1,0,0,1,0,446
1,0,1,0,0,0,1,0,447
0,0,0,1,0,0,1,1,448
0,0,1,0,1,0,0,1,449
0,1,1,0,0,1,0,1,450
0,1,0,0,0,1,1,0,451
0,0,1,0,0,0,1,0,452
0,0,0,1,1,1,1,0,453
0,0,1,1,0,0,1,1,454
0,0,0,1,0,1,1,0,455
0,1,0,0,0,1,1,0,456
0,0,1,0,1,1,1,0,457
0,1,0,1,1,0,0,0,458
1,1,0,1,0,0,0,1,459
0,1,0,1,1,0,0,0,460
0,1,0,0,1,0,0,1,461
0,0,0,0,1,0,1,1,462
0,1,0,1,0,1,0,0,463
0,0,1,0,1,0,0,0,464
1,1,0,0,0,0,1,1,465
0,0,0,1,0,0,1,1,466
0,0,0,1,0,0,1,1,467
0,0,1,0,1,0,0,0,468
0,0,0,0,0,1,1,1,469
0,0,1,1,0,1,0,0,470
0,0,0,1,0,0,1,1,471
1,0,1,0,0,1,0,0,472
0,1,0,0,0,1,0,1,473
1,0,1,0,0,0,0,0,474
0,0,0,1,0,1,0,1,475
0,0,1,1,0,0,0,1,476
1,0,0,0,1,0,0,1,477
0,1,0,1,1,0,0,0,478
0,0,1,0,0,1,0,1,479
1,1,0,0,0,1,0,0,480
0,1,0,1,0,0,1,0,481
1,0,1,0,0,0,0,1,482
0,0,1,0,0,1,0,1,483
0,1,0,0,1,0,0,1,484
1,1,0,0,1,0,0,0,485
1,0,0,0,1,1,0,0,486
0,1,0,1,1,0,0,0,487
0,1,0,0,0,0,1,1,488
1,0,0,1,0,0,0,1,489
1,0,1,0,0,1,0,0,490
1,0,1,0,0,1,0,0,491
0,1,1,0,1,0,0,0,492
0,0,1,0,0,0,1,0,493
1,1,0,0,1,0,0,0,494
1,0,0,0,1,1,1,0,495
0,1,0,0,0,1,0,0,496
1,0,1,1,0,0,0,0,497
1,0,0,0,0,1,0,1,498
0,1,1,0,0,0,0,1,499
0,1,1,0,1,0,0,0,500
0,1,1,0,0,0,0,1,501
0,1,0,1,0,0,1,1,502
0,1,1,1,0,0,0,0,503
1,1,0,0,0,0,0,1,504
0,0,1,1,0,0,1,0,505
1,1,0,0,0,0,0,0,506
0,1,1,0,0,1,0,0,507
0,0,0,1,0,1,0,1,508
0,0,0,1,1,0,0,0,509
0,0,1,0,1,1,0,0,510
1,0,0,0,0,1,0,1,511
0,1,1,0,0,0,1,0,512
1,0,0,0,0,1,0,0,513
0,0,1,0,0,1,1,0,514
0,0,1,0,1,0,0,0,515
0,0,1,1,0,0,1,0,516
0,1,1,0,0,0,1,1,517
0,0,1,0,0,1,0,1,518
0,1,1,0,0,0,1,0,519
0,0,0,0,1,1,1,0,520
0,0,0,0,0,1,0,1,521
1,1,0,0,0,1,0,1,522
1,0,1,1,0,0,1,0,523
1,1,0,1,0,1,0,0,524
1,1,0,0,1,0,1,0,525
1,0,1,0,0,1,0,1,526
0,0,1,0,0,0,0,1,527
0,0,1,0,1,0,1,0,528
1,0,1,0,0,0,1,1,529
0,0,1,0,0,1,1,0,530
0,1,1,0,0,0,1,1,531
0,1,0,0,0,0,1,0,532
0,0,1,0,0,1,0,1,533
1,0,0,1,0,0,0,1,534
1,0,1,1,0,0,1,0,535
0,1,0,1,0,0,0,0,536
1,1,0,0,0,0,0,0,537
0,0,0,1,1,1,0,0,538
0,1,0,0,0,0,1,1,539
0,1,0,0,0,0,0,1,540
0,0,0,1,1,0,1,0,541
0,1,0,0,1,0,0,1,542
1,0,0,0,0,1,1,1,543
0,1,0,0,1,0,0,0,544
0,0,1,0,0,0,1,1,545
0,0,1,0,1,0,1,1,546
1,0,0,1,0,0,0,0,547
0,1,0,0,1,1,0,0,548
0,1,0,0,0,0,1,0,549
1,0,0,0,0,1,1,0,550
1,0,0,1,1,0,0,0,551
0,1,1,0,0,1,0,1,552
0,1,1,0,0,1,0,0,553
1,0,1,0,0,1,0,0,554
0,0,1,0,1,1,1,0,555
0,0,0,1,1,0,0,1,556
0,0,0,1,0,1,0,1,557
0,0,1,1,0,1,0,0,558
0,1,0,1,0,1,0,0,559
0,0,1,1,1,0,1,0,560
1,0,0,0,1,0,0,0,561
0,0,1,0,0,1,0,0,562
0,0,1,0,0,1,1,0,563
0,0,0,1,0,1,0,1,564
0,1,1,0,0,0,0,1,565
1,0,0,1,0,0,0,1,566
0,0,0,1,1,1,0,0,567
0,1,0,0,1,0,1,0,568
0,1,0,1,0,0,1,0,569
1,1,0,0,0,1,0,1,570
1,0,0,1,1,0,0,1,571
1,1,0,1,0,1,0,0,572
0,0,1,1,0,1,1,0,573
1,1,0,0,0,1,0,0,574
0,0,0,1,0,0,0,1,575
1,0,0,0,0,1,0,1,576
0,0,0,1,1,1,0,0,577
1,0,0,0,0,1,1,0,578
1,0,0,1,0,1,1,0,579
0,0,0,0,1,0,1,0,580
1,0,1,0,1,0,1,0,581
1,0,1,0,1,0,1,0,582
0,1,0,0,0,0,1,0,583
0,0,0,0,0,1,0,1,584
1,0,0,0,1,0,0,0,585
1,0,0,1,1,0,1,0,586
1,0,1,0,0,1,0,1,587
0,0,0,0,0,1,0,1,588
1,0,0,1,0,0,0,1,589
1,0,1,1,0,0,0,0,590
0,0,0,1,1,1,0,0,591
1,0,0,0,1,0,0,1,592
0,1,0,1,1,0,0,0,593
0,0,1,0,1,1,0,0,594
0,0,1,1,0,1,0,0,595
1,1,0,1,0,0,0,0,596
0,1,0,1,1,0,0,0,597
0,1,0,1,0,1,0,0,598
0,0,1,0,1,0,0,0,599
0,0,1,0,1,1,0,0,600
1,0,0,0,0,1,1,1,601
1,0,0,0,0,1,1,0,602
0,1,0,0,0,0,1,0,603
1,1,0,0,0,0,1,0,604
0,1,1,0,1,0,0,0,605
0,0,0,0,0,1,0,1,606
0,1,0,0,0,1,0,1,607
1,0,1,0,0,1,0,0,608
1,1,0,0,1,0,0,1,609
0,0,0,1,0,0,1,1,610
0,0,0,1,1,0,0,1,611
0,0,0,0,1,1,1,0,612
1,0,1,1,0,1,0,0,613
0,1,0,0,0,1,1,0,614
1,1,0,1,0,1,0,0,615
0,1,0,1,0,1,0,0,616
1,1,1,0,0,0,0,1,617
0,0,0,1,1,1,0,0,618
1,0,1,0,0,0,1,0,619
1,0,1,0,0,0,0,1,620
0,1,0,0,0,0,0,1,621
0,1,0,1,0,0,0,1,622
0,1,0,0,0,0,1,1,623
0,1,0,0,0,1,1,0,624
0,1,1,0,1,0,0,0,625
0,0,0,0,0,1,1,1,626
0,1,0,0,1,1,1,0,627
1,0,1,1,0,0,1,0,628
0,0,0,1,0,1,1,1,629
0,0,1,0,1,0,1,1,630
0,0,1,0,1,1,0,0,631
0,0,0,0,1,1,1,0,632
0,1,1,0,1,0,0,0,633
0,0,1,0,1,0,0,0,634
0,0,1,1,1,1,0,0,635
1,0,1,0,1,0,1,0,636
1,0,1,0,0,0,0,1,637
0,1,1,0,0,0,1,1,638
1,0,1,0,0,0,1,0,639
0,0,0,1,1,0,1,0,640
0,0,0,1,0,1,0,0,641
1,0,1,0,0,1,0,0,642
0,0,0,1,0,0,0,1,643
0,1,0,0,1,1,0,0,644
1,0,0,1,1,0,1,0,645
0,0,0,0,1,0,1,0,646
1,0,0,0,1,1,0,0,647
0,0,1,1,0,1,0,0,648
1,0,0,1,0,0,0,0,649
0,0,0,1,0,0,1,0,650
0,0,1,0,1,0,0,0,651
0,1,1,1,0,0,0,0,652
0,0,1,1,1,0,0,0,653
1,1,0,1,0,0,1,0,654
0,0,0,1,1,1,0,0,655
1,0,0,1,1,0,0,0,656
1,0,1,1,0,1,0,0,657
1,0,0,0,1,1,0,1,658
0,0,1,0,0,1,0,1,659
1,1,0,0,0,0,0,0,660
0,0,1,0,0,0,1,1,661
0,0,0,0,0,1,0,0,662
0,1,1,0,0,0,1,0,663
0,0,0,0,0,1,1,1,664
1,1,0,1,0,0,0,0,665
1,1,0,0,0,1,0,0,666
0,1,0,0,1,1,0,0,667
1,0,1,0,0,0,0,0,668
0,0,0,0,1,1,0,1,669
1,0,1,0,0,0,1,0,670
0,1,0,0,0,1,0,1,671
1,1,0,0,0,0,1,0,672
1,1,0,1,1,0,0,0,673
0,1,0,1,0,0,0,1,674
0,1,0,1,1,0,0,0,675
0,1,1,1,0,0,0,0,676
0,0,1,0,1,1,0,1,677
0,0,0,1,1,0,0,0,678
0,1,1,0,0,1,0,0,679
0,1,0,0,0,1,0,0,680
1,0,0,0,0,1,0,1,681
0,0,1,1,0,0,0,1,682
0,1,0,0,0,1,1,0,683
0,1,0,0,1,0,1,0,684
0,0,0,0,0,1,0,1,685
0,0,0,1,1,0,0,0,686
0,0,0,1,1,0,1,1,687
0,1,0,1,0,0,1,0,688
0,0,0,1,1,1,0,0,689
0,1,0,0,1,1,0,0,690
0,1,1,0,0,0,0,1,691
0,0,1,0,0,1,0,0,692
1,0,1,0,0,0,1,0,693
1,0,0,0,0,1,1,0,694
0,1,0,0,0,0,1,1,695
0,0,1,0,0,1,1,1,696
0,0,1,0,1,1,0,0,697
1,1,0,0,1,0,0,1,698
0,0,0,1,0,1,0,1,699
0,1,0,0,1,1,1,0,700
0,1,0,0,1,1,0,0,701
0,0,1,0,0,0,1,1,702
0,0,1,0,0,0,1,1,703
1,0,0,0,0,1,0,1,704
0,1,1,0,0,1,0,0,705
0,0,0,1,0,1,0,1,706
0,0,1,0,0,1,0,0,707
0,0,0,1,0,0,1,1,708
0,0,0,0,1,0,1,0,709
0,1,0,1,0,0,0,1,710
0,1,0,0,1,0,1,0,711
0,1,0,0,0,1,1,0,712
1,0,0,0,1,0,0,0,713
0,0,1,0,1,1,0,1,714
1,0,0,1,1,0,0,0,715
0,1,0,1,1,0,0,0,716
1,0,0,1,1,0,0,0,717
0,0,1,1,0,0,0,0,718
0,1,0,0,1,0,1,0,719
0,0,1,1,0,1,0,0,720
0,0,1,1,0,0,0,1,721
0,0,1,0,1,1,0,0,722
1,1,0,0,0,1,0,1,723
0,0,0,1,1,1,0,0,724
1,0,0,1,0,0,1,0,725
0,1,1,0,0,0,1,0,726
1,0,1,1,0,1,0,0,727
0,1,1,0,1,0,1,0,728
0,1,0,0,1,0,1,0,729
0,1,0,0,1,1,0,0,730
0,0,0,0,1,1,1,1,731
0,0,0,1,1,0,0,1,732
0,1,0,0,1,0,1,0,733
0,0,0,1,1,1,0,0,734
1,0,0,1,1,0,0,0,735
0,1,0,0,0,1,0,1,736
0,0,0,0,0,1,1,0,737
0,0,1,1,0,1,0,0,738
0,0,1,0,1,1,0,1,739
1,1,0,0,0,0,0,0,740
0,0,1,1,0,0,0,1,741
0,1,0,0,1,0,1,0,742
1,0,1,0,0,1,0,1,743
1,0,0,1,1,0,0,0,744
1,0,0,0,0,0,1,1,745
0,1,1,0,0,0,1,0,746
0,1,0,0,0,1,0,0,747
0,1,0,0,0,1,0,1,748
1,0,0,1,0,0,1,0,749
0,1,1,0,0,1,1,0,750
0,1,0,0,1,0,0,1,751
0,0,0,1,0,1,0,1,752
0,1,0,0,1,0,1,0,753
0,1,0,0,0,0,1,1,754
0,1,1,0,0,0,1,0,755
0,0,1,0,0,0,1,0,756
1,0,1,0,0,1,0,1,757
1,0,1,0,0,1,1,0,758
0,1,1,0,0,1,0,0,759
0,1,0,0,1,0,0,0,760
1,0,0,1,0,1,0,1,761
0,0,1,0,1,0,1,0,762
0,0,0,0,1,1,0,1,763
0,0,0,0,1,1,0,0,764
1,0,0,1,0,0,1,1,765
0,0,0,0,1,1,1,0,766
0,1,1,0,0,0,0,0,767
0,1,0,1,0,1,0,1,768
0,0,0,0,0,1,0,1,769
1,1,0,0,1,1,0,0,770
0,0,0,1,1,0,1,1,771
0,0,0,1,0,1,0,0,772
1,0,0,0,1,1,1,0,773
1,1,0,0,1,0,0,0,774
0,0,0,0,1,1,0,1,775
0,1,1,1,0,0,0,0,776
0,1,1,0,0,1,0,0,777
1,1,0,0,0,0,0,0,778
0,0,0,0,1,1,1,1,779
0,1,1,0,0,1,1,0,780
1,0,0,1,0,0,1,0,781
0,0,0,1,0,0,1,1,782
0,1,1,1,0,0,0,0,783
1,0,1,0,0,1,0,1,784
0,0,0,0,1,1,0,1,785
1,0,1,1,0,1,0,0,786
0,0,0,0,1,1,1,0,787
1,1,1,0,0,1,0,0,788
0,1,1,1,0,0,0,0,789
0,0,0,1,1,1,0,0,790
0,1,0,1,0,1,0,0,791
0,1,0,0,0,0,1,1,792
0,1,0,0,0,1,0,1,793
1,0,0,0,1,1,1,0,794
0,1,1,0,0,1,0,0,795
0,0,1,0,0,1,0,1,796
0,0,0,0,1,1,1,0,797
0,1,1,0,1,0,1,0,798
0,0,0,1,0,1,0,1,799
1,1,0,0,0,0,0,1,800
1,1,0,0,0,1,0,0,801
0,0,1,0,0,0,1,1,802
1,0,0,0,1,0,1,0,803
0,0,1,0,0,0,1,0,804
0,1,0,1,0,1,0,0,805
0,0,1,0,1,0,0,0,806
0,0,0,0,1,1,0,1,807
0,0,0,0,0,1,0,1,808
1,0,0,0,0,1,1,0,809
0,0,1,0,0,1,1,1,810
1,0,1,0,0,0,0,0,811
0,0,1,0,0,1,0,1,812
0,1,0,1,0,1,0,1,813
0,0,0,0,1,1,0,0,814
0,1,0,1,1,0,0,0,815
0,0,0,1,0,0,1,0,816
0,0,0,1,1,0,0,1,817
0,0,1,0,0,0,1,1,818
0,0,1,0,0,1,0,0,819
1,0,0,1,0,1,0,1,820
0,0,1,1,0,1,0,0,821
0,1,0,0,0,1,0,0,822
0,1,0,1,0,1,0,1,823
0,1,0,1,0,0,0,1,824
1,1,0,0,0,1,0,0,825
0,1,0,0,1,0,0,0,826
0,0,0,1,0,1,0,1,827
0,1,0,0,1,1,0,0,828
1,0,0,0,1,1,0,0,829
0,0,1,0,1,0,0,0,830
0,0,0,1,0,1,0,0,831
1,0,0,1,1,0,0,0,832
0,0,0,0,0,1,0,1,833
0,0,1,0,0,0,0,1,834
0,1,1,1,0,0,0,0,835
0,0,0,1,0,1,0,0,836
0,1,1,0,0,0,1,0,837
1,0,0,1,0,0,1,0,838
0,0,1,1,0,1,0,0,839
1,0,1,0,1,0,0,0,840
1,1,0,0,0,1,0,0,841
0,1,0,1,1,0,0,0,842
0,0,1,0,0,0,0,0,843
0,0,1,1,0,1,0,0,844
0,0,1,0,1,0,1,0,845
0,1,0,0,1,0,0,0,846
0,0,0,0,0,1,1,1,847
1,1,0,0,0,0,0,0,848
1,1,0,0,0,0,0,1,849
0,1,0,0,0,1,1,0,850
0,1,0,0,1,1,0,0,851
1,0,0,0,1,0,0,1,852
1,0,0,0,1,1,0,0,853
1,0,1,0,1,1,0,0,854
1,0,0,1,0,0,1,1,855
0,0,0,1,1,1,0,0,856
1,0,0,0,0,0,0,1,857
1,0,0,0,0,1,0,0,858
0,0,1,1,1,0,0,0,859
0,1,1,0,1,0,0,0,860
0,0,0,0,0,1,1,0,861
0,0,0,0,1,1,0,1,862
0,0,0,0,1,1,0,1,863
0,1,1,0,0,0,0,1,864
1,1,0,1,0,0,1,0,865
1,0,0,1,1,0,0,0,866
0,1,0,0,1,1,1,0,867
1,1,0,0,0,0,0,0,868
1,1,0,1,0,0,0,0,869
1,0,0,1,0,0,0,0,870
1,0,1,0,0,0,0,1,871
0,0,0,1,0,0,1,1,872
0,0,1,0,0,1,0,0,873
0,0,0,0,0,0,0,1,874
0,0,0,0,1,0,1,1,875
0,1,1,0,1,1,0,0,876
1,1,0,0,1,0,0,0,877
1,0,0,1,0,0,0,1,878
0,1,1,1,0,0,0,0,879
0,0,0,0,1,1,0,0,880
0,1,0,0,1,0,1,0,881
1,0,1,0,1,1,0,0,882
1,1,0,0,0,0,0,1,883
0,0,0,0,1,0,0,0,884
0,1,0,0,1,0,1,0,885
1,0,0,0,1,1,0,0,886
0,0,1,0,0,0,1,0,887
0,1,0,1,0,0,0,1,888
0,0,1,0,0,1,1,0,889
1,1,1,0,0,0,0,0,890
0,1,0,0,0,1,0,1,891
0,1,0,1,0,0,0,1,892
0,0,0,0,1,1,0,1,893
1,0,0,0,0,1,0,1,894
0,1,1,0,0,0,1,0,895
0,0,1,0,0,1,0,1,896
0,0,0,0,1,0,1,0,897
0,0,0,1,0,0,0,1,898
0,0,0,1,0,1,0,1,899
0,0,1,0,1,0,0,0,900
0,1,0,0,1,0,1,0,901
0,0,1,0,1,0,0,1,902
0,1,0,0,1,0,0,1,903
0,0,0,0,0,0,1,1,904
1,1,0,0,0,1,0,0,905
0,1,0,0,0,0,1,0,906
0,0,1,1,0,1,0,0,907
0,0,0,0,1,1,1,1,908
0,1,1,1,0,0,0,0,909
0,1,0,0,1,0,0,1,910
0,1,1,1,0,0,0,0,911
0,0,1,1,0,0,0,1,912
1,1,0,0,0,0,0,1,913
0,1,0,0,1,0,0,1,914
1,0,0,0,1,0,0,1,915
0,0,1,0,0,0,1,1,916
0,0,0,1,0,1,0,0,917
1,0,1,0,0,1,0,0,918
1,0,1,0,0,0,0,1,919
0,1,0,1,0,0,0,1,920
1,1,0,1,1,0,0,0,921
0,1,0,1,0,1,0,0,922
0,1,0,0,0,1,0,0,923
1,0,0,1,0,1,0,1,924
0,1,0,0,0,1,1,0,925
0,0,0,1,1,1,0,0,926
0,1,0,0,0,0,1,0,927
0,1,0,0,0,1,0,1,928
1,0,0,0,1,0,1,0,929
1,1,0,1,0,0,0,0,930
0,1,0,0,1,1,0,1,931
0,0,1,1,0,0,1,1,932
1,0,0,0,0,1,0,0,933
0,0,1,1,0,1,0,0,934
0,1,0,1,1,0,0,0,935
0,0,1,0,0,1,1,0,936
1,0,0,1,0,0,0,1,937
1,1,0,1,0,1,0,0,938
0,1,0,0,1,1,0,0,939
0,0,0,0,1,0,0,1,940
0,0,1,0,0,1,0,1,941
1,1,1,0,0,1,0,0,942
0,0,0,1,0,1,1,0,943
0,0,1,1,0,0,0,1,944
0,1,0,1,0,1,0,1,945
0,1,1,1,1,0,0,0,946
0,0,1,0,0,1,0,1,947
1,1,0,0,1,0,0,1,948
0,1,0,1,1,0,0,0,949
0,0,0,0,1,1,0,1,950
0,0,1,0,0,1,1,0,951
0,0,0,1,0,0,1,1,952
1,0,0,1,0,0,0,1,953
0,0,1,1,1,0,1,0,954
0,1,1,0,0,1,0,0,955
0,1,1,0,0,1,0,1,956
0,0,0,1,0,0,0,1,957
1,0,0,0,1,0,1,1,958
1,0,1,0,0,0,1,0,959
0,1,1,0,0,0,0,0,960
0,0,0,0,1,0,1,1,961
0,0,0,1,0,1,1,1,962
1,1,1,0,0,0,0,0,963
0,1,0,1,0,0,0,1,964
1,1,0,0,0,0,0,1,965
0,1,1,1,1,0,0,0,966
0,1,0,0,1,1,0,0,967
0,1,0,0,1,1,0,0,968
0,1,1,0,0,1,0,0,969
0,1,0,1,1,0,0,1,970
0,0,0,0,0,0,1,1,971
0,0,0,0,0,1,1,0,972
1,0,1,1,0,0,0,0,973
0,0,0,0,0,1,1,1,974
0,0,0,0,1,1,0,1,975
0,0,1,0,1,0,0,0,976
0,0,0,0,1,0,0,1,977
1,1,1,0,0,0,0,0,978
0,0,0,0,0,1,1,0,979
1,1,0,1,0,0,1,0,980
0,0,0,0,1,1,0,1,981
1,1,0,0,0,0,1,1,982
1,0,1,0,0,0,0,1,983
0,1,0,1,0,1,0,1,984
0,0,0,0,0,1,0,1,985
0,1,1,1,0,1,0,0,986
1,0,0,0,0,1,0,1,987
0,1,0,0,1,1,0,0,988
1,0,1,0,0,1,0,0,989
1,1,0,0,0,1,0,1,990
0,1,0,0,1,0,0,1,991
0,1,1,0,1,0,0,1,992
0,1,0,0,0,1,0,1,993
0,0,0,0,0,1,0,1,994
0,1,1,1,0,0,0,0,995
1,0,0,0,1,0,1,0,996
0,0,0,1,1,1,0,0,997
0,1,1,0,0,0,0,1,998
0,1,1,0,0,0,0,1,999
0,0,0,0,1,0,1,1,1000
0,0,1,0,0,1,1,0,1001
1,1,0,0,1,0,0,1,1002
0,1,1,0,0,0,1,0,1003
1,0,1,0,0,1,1,0,1004
0,0,0,0,1,1,1,1,1005
0,0,0,1,0,0,0,1,1006
0,1,0,0,0,1,0,1,1007
0,1,0,0,0,0,0,1,1008
0,1,0,0,0,0,1,1,1009
1,0,0,0,1,1,0,0,1010
1,1,0,0,0,0,1,0,1011
0,0,1,0,0,1,1,1,1012
1,0,0,0,1,1,0,1,1013
0,0,0,1,0,0,1,0,1014
0,0,1,0,0,1,0,1,1015
0,1,1,0,0,0,0,1,1016
0,0,1,0,0,0,1,1,1017
0,1,0,1,0,1,0,1,1018
0,1,0,0,0,0,0,1,1019
0,1,0,0,1,0,0,0,1020
0,1,0,1,0,0,0,1,1021
0,0,0,0,0,1,1,0,1022
0,1,0,0,0,0,1,1,1023
1,0,1,0,0,1,0,0,1024
0,0,1,0,0,1,0,1,1025
0,0,1,1,0,1,0,1,1026
0,0,1,0,1,0,0,0,1027
0,1,1,0,0,0,0,1,1028
0,1,1,0,0,0,1,0,1029
1,0,0,0,1,1,0,1,1030
1,0,0,0,0,1,1,0,1031
0,1,0,1,1,0,0,0,1032
1,0,0,0,1,0,1,0,1033
0,1,0,0,1,0,1,0,1034
0,0,0,1,0,0,1,1,1035
0,0,1,0,1,0,0,1,1036
1,0,0,1,1,0,0,0,1037
0,1,0,0,0,0,1,1,1038
0,1,0,0,0,1,0,1,1039
1,1,0,0,0,0,0,0,1040
1,0,0,1,1,0,0,0,1041
0,0,0,1,0,0,0,1,1042
0,1,0,0,0,1,0,1,1043
0,0,1,1,0,0,1,0,1044
1,0,0,1,1,0,1,0,1045
0,1,0,0,0,0,1,0,1046
1,0,1,0,0,1,0,0,1047
0,1,0,0,0,1,0,1,1048
1,0,0,0,1,1,0,1,1049
0,0,0,0,0,1,0,1,1050
1,1,0,1,0,0,0,0,1051
0,0,0,0,0,1,0,1,1052
0,0,1,0,1,0,0,0,1053
0,1,0,0,1,0,0,1,1054
1,1,0,0,0,0,0,1,1055
0,0,0,0,0,0,1,1,1056
1,0,0,0,0,1,0,1,1057
1,0,1,0,0,1,0,1,1058
1,0,0,1,0,1,0,0,1059
0,1,0,1,0,0,0,1,1060
0,0,1,1,0,0,1,0,1061
1,0,1,0,1,0,0,0,1062
0,1,0,0,0,1,0,1,1063
0,1,1,0,0,0,0,1,1064
1,0,0,0,0,0,1,1,1065
0,0,1,1,0,1,0,1,1066
1,0,0,0,1,0,1,1,1067
1,1,0,0,0,0,0,1,1068
0,0,1,1,0,1,0,0,1069
1,0,0,0,0,1,1,1,1070
1,1,0,1,0,0,0,0,1071
0,0,1,1,0,0,1,1,1072
1,0,1,0,0,0,0,1,1073
0,0,0,0,1,1,0,0,1074
1,1,1,0,0,0,0,0,1075
0,0,1,1,0,1,0,0,1076
0,1,0,0,1,0,0,1,1077
1,0,0,0,1,0,1,1,1078
0,1,0,0,0,0,1,0,1079
0,1,0,0,1,0,0,1,1080
0,0,0,1,0,0,1,1,1081
0,1,1,0,1,0,0,0,1082
0,1,0,1,1,0,0,0,1083
0,0,0,0,0,1,1,1,1084
0,0,0,1,0,0,1,0,1085
0,0,1,0,0,0,0,1,1086
0,0,0,1,1,1,0,1,1087
1,0,0,0,1,1,0,1,1088
1,1,0,1,1,0,0,0,1089
1,0,0,0,1,1,0,0,1090
1,0,0,0,1,1,0,1,1091
0,1,0,0,0,0,0,0,1092
0,0,0,1,0,0,0,1,1093
1,0,1,0,0,1,1,0,1094
1,1,0,0,0,0,0,1,1095
0,1,0,0,1,0,1,0,1096
0,0,0,1,1,0,0,0,1097
1,0,0,1,0,0,0,0,1098
0,1,0,0,0,0,0,1,1099
0,1,0,1,0,1,0,0,1100
0,1,0,1,0,0,0,1,1101
0,0,0,0,1,1,0,1,1102
1,1,0,0,0,1,1,0,1103
0,0,1,0,1,0,0,1,1104
0,0,1,1,0,0,1,0,1105
0,0,1,0,0,1,0,0,1106
0,1,1,0,1,0,0,0,1107
0,0,0,0,0,1,1,1,1108
0,1,1,1,0,0,0,0,1109
1,0,0,0,1,0,1,0,1110
0,1,0,1,0,0,1,0,1111
0,0,1,1,1,0,0,0,1112
0,0,1,0,0,0,1,0,1113
1,1,1,0,0,0,0,0,1114
0,0,0,1,1,0,1,0,1115
0,1,1,0,0,1,1,0,1116
0,0,1,0,1,0,0,1,1117
1,0,0,0,1,1,0,0,1118
0,1,0,1,1,0,0,0,1119
1,1,1,0,0,1,0,0,1120
1,0,1,0,1,0,1,0,1121
0,1,0,0,1,1,0,1,1122
0,0,1,1,0,0,0,1,1123
0,0,1,0,1,0,0,1,1124
1,0,0,0,1,0,0,1,1125
0,0,1,1,1,0,0,0,1126
1,0,0,0,1,0,0,0,1127
1,0,0,0,0,1,0,0,1128
1,0,1,0,1,0,0,1,1129
1,0,0,0,0,0,1,0,1130
0,0,1,0,0,1,1,0,1131
0,1,1,0,1,1,0,0,1132
0,0,0,0,0,0,1,1,1133
0,0,1,0,0,1,0,1,1134
0,0,1,0,1,1,0,1,1135
1,0,1,0,0,0,0,0,1136
1,0,1,0,1,0,0,0,1137
0,0,1,0,0,1,0,1,1138
0,0,1,0,1,0,1,0,1139
1,1,0,0,1,1,0,0,1140
0,1,0,1,0,1,0,0,1141
0,1,0,0,0,1,1,0,1142
1,1,0,1,0,0,0,1,1143
0,0,0,0,0,1,0,1,1144
0,0,1,0,0,1,0,1,1145
0,1,1,0,1,0,0,0,1146
1,0,0,0,1,0,0,1,1147
0,1,0,1,0,0,0,1,1148
0,1,1,0,0,0,0,1,1149
0,0,1,0,1,0,1,1,1150
1,0,1,0,0,0,0,1,1151
0,0,0,1,0,1,0,1,1152
0,1,1,0,0,1,0,0,1153
1,0,0,1,0,1,0,0,1154
0,0,1,0,0,1,1,1,1155
0,0,1,0,1,0,1,0,1156
1,0,1,0,0,1,1,0,1157
1,0,0,0,1,0,1,0,1158
0,1,0,1,1,0,0,1,1159
0,1,0,0,1,1,1,0,1160
0,0,1,0,0,1,1,0,1161
1,0,0,1,0,0,1,0,1162
1,1,0,0,1,0,0,1,1163
0,1,0,0,1,1,1,0,1164
0,0,0,0,1,0,1,0,1165
0,1,1,0,0,1,0,0,1166
0,0,1,0,0,0,1,1,1167
0,1,1,0,0,0,1,0,1168
1,0,0,0,1,0,1,0,1169
1,0,0,0,1,1,0,0,1170
0,0,0,1,0,0,0,1,1171
1,0,0,1,0,0,1,0,1172
0,1,0,1,0,0,1,0,1173
1,0,1,0,0,0,0,0,1174
1,1,1,0,0,0,0,0,1175
0,0,0,0,0,1,1,1,1176
0,0,1,1,1,1,0,0,1177
0,1,1,0,0,0,0,1,1178
0,1,1,0,0,0,0,1,1179
0,0,1,0,1,1,1,0,1180
0,0,0,0,1,0,0,1,1181
0,1,0,0,1,1,1,0,1182
0,1,0,1,0,1,0,0,1183
1,1,0,0,1,0,1,0,1184
1,0,0,0,0,0,0,1,1185
1,1,0,0,0,0,0,0,1186
0,0,0,0,1,1,1,0,1187
0,1,1,0,0,0,0,1,1188
0,0,0,1,0,1,0,1,1189
0,1,0,0,1,0,1,0,1190
0,1,0,0,1,0,0,1,1191
0,0,0,1,1,1,0,0,1192
0,0,0,1,1,0,0,1,1193
0,1,1,0,1,0,0,0,1194
0,0,1,0,0,0,1,0,1195
0,1,0,0,0,0,1,1,1196
0,0,0,0,1,1,0,1,1197
0,0,1,0,1,0,0,0,1198
0,0,1,0,0,1,1,0,1199
0,1,1,0,0,0,0,1,1200
1,0,0,1,0,1,0,0,1201
0,1,1,0,0,1,1,0,1202
0,0,1,0,0,1,0,1,1203
1,1,0,0,0,0,1,0,1204
0,1,1,0,0,1,0,1,1205
0,0,0,0,1,0,0,1,1206
1,1,1,0,0,0,0,1,1207
1,0,0,1,0,0,0,1,1208
1,0,0,1,0,1,0,1,1209
0,0,0,0,1,0,1,0,1210
1,0,0,0,0,0,1,1,1211
1,1,0,0,0,0,1,0,1212
0,1,0,0,0,1,1,1,1213
0,1,0,0,1,0,0,1,1214
1,1,0,0,0,1,1,0,1215
0,0,0,0,1,0,0,1,1216
1,0,0,0,0,1,1,0,1217
1,0,0,1,0,0,0,1,1218
0,0,0,0,1,0,1,0,1219
0,1,1,0,0,0,1,0,1220
0,1,0,0,0,1,1,0,1221
0,1,1,0,0,1,0,1,1222
0,0,0,0,0,1,1,1,1223
0,0,0,0,0,0,1,1,1224
0,0,0,1,0,0,0,1,1225
1,0,1,0,0,1,0,0,1226
0,0,0,1,0,1,1,0,1227
0,1,0,0,0,0,0,0,1228
0,1,0,0,0,1,0,1,1229
0,0,0,0,1,1,0,1,1230
0,0,1,0,0,1,1,0,1231
0,0,0,1,0,1,1,0,1232
1,0,0,0,0,0,1,0,1233
1,1,1,0,0,0,0,1,1234
0,0,0,0,1,0,1,1,1235
0,0,1,0,1,1,0,1,1236
1,1,0,0,1,0,1,0,1237
0,1,1,0,0,0,0,0,1238
0,1,1,0,1,0,0,0,1239
0,1,1,0,0,0,0,1,1240
1,0,0,0,1,1,0,0,1241
1,0,1,0,0,0,0,0,1242
0,0,1,1,0,0,1,1,1243
0,0,0,1,1,1,0,0,1244
0,0,0,1,1,1,0,0,1245
1,1,1,0,0,0,0,1,1246
0,0,1,0,0,0,0,1,1247
0,0,0,0,0,0,1,1,1248
0,1,0,0,1,0,1,0,1249
0,0,0,1,0,1,1,0,1250
1,1,1,0,0,1,0,0,1251
0,1,0,0,0,0,0,1,1252
0,1,0,0,0,1,0,0,1253
0,1,1,0,0,1,0,0,1254
0,0,0,0,1,1,1,0,1255
1,0,0,0,1,1,0,1,1256
1,0,1,0,0,1,0,1,1257
0,1,1,1,1,0,0,0,1258
0,0,1,0,0,1,1,0,1259
0,1,0,0,0,0,0,1,1260
1,0,0,0,0,1,1,1,1261
0,1,1,0,0,1,0,0,1262
0,1,0,0,0,1,0,0,1263
1,0,1,0,0,1,1,0,1264
1,1,0,0,1,0,0,0,1265
0,1,0,0,1,1,1,0,1266
1,0,1,0,0,0,0,1,1267
0,1,1,0,1,1,0,0,1268
1,0,1,0,1,0,0,0,1269
1,1,0,0,0,0,0,0,1270
1,0,1,0,0,0,0,0,1271
0,0,0,1,0,0,0,1,1272
0,0,1,1,0,0,0,1,1273
1,0,0,1,1,1,0,0,1274
0,1,1,0,0,1,0,0,1275
0,0,0,1,0,0,1,1,1276
1,0,0,0,1,0,0,0,1277
0,0,1,0,0,1,0,1,1278
1,0,0,0,0,0,1,0,1279
0,1,0,0,1,0,0,1,1280
0,1,1,0,0,1,0,0,1281
0,1,0,0,1,0,0,1,1282
0,0,0,1,1,1,0,0,1283
0,1,0,0,1,1,0,1,1284
0,0,0,1,1,1,0,0,1285
1,1,0,1,0,0,0,1,1286
1,0,0,0,1,0,0,1,1287
0,0,1,0,1,1,0,0,1288
0,0,1,0,1,1,0,0,1289
1,1,0,1,0,0,0,0,1290
0,0,0,0,0,1,1,1,1291
0,0,1,0,0,1,0,1,1292
1,0,1,0,0,1,0,0,1293
0,0,1,0,1,0,1,0,1294
0,0,0,1,1,1,0,0,1295
1,0,0,0,0,1,0,0,1296
1,0,0,0,0,0,1,1,1297
0,0,0,0,0,1,1,1,1298
0,1,1,0,0,0,0,1,1299
0,0,0,0,1,1,1,0,1300
0,0,0,1,1,1,0,0,1301
0,0,1,0,1,1,0,0,1302
0,1,0,1,0,1,0,0,1303
0,1,0,0,1,0,1,1,1304
1,0,0,0,1,1,0,0,1305
0,0,1,0,0,1,0,1,1306
0,0,0,1,0,1,0,1,1307
1,1,0,0,1,0,0,0,1308
1,1,0,0,0,0,0,0,1309
1,0,1,1,0,1,0,0,1310
0,0,0,1,1,0,0,1,1311
0,1,1,1,0,0,0,1,1312
0,0,1,0,0,0,1,0,1313
0,0,1,0,1,0,0,1,1314
0,1,0,0,1,1,0,0,1315
1,0,0,0,0,1,0,0,1316
0,1,0,0,1,1,0,1,1317
0,1,1,1,0,0,1,0,1318
1,1,0,1,0,0,1,0,1319
0,0,0,1,1,0,1,0,1320
0,1,1,0,0,0,0,1,1321
0,1,0,1,0,0,0,1,1322
1,0,0,0,0,1,1,0,1323
0,1,0,1,0,0,0,0,1324
0,0,0,1,0,0,1,1,1325
0,0,0,1,0,1,1,0,1326
1,1,0,1,0,0,0,0,1327
1,0,0,0,1,1,0,0,1328
0,0,0,0,0,1,1,1,1329
0,1,0,1,0,0,0,1,1330
0,0,0,1,1,0,1,1,1331
0,1,0,1,0,0,0,1,1332
0,0,0,0,1,1,1,0,1333
0,0,0,0,1,1,1,0,1334
0,1,0,0,1,1,0,0,1335
1,0,1,1,0,0,0,0,1336
1,1,1,0,0,1,0,0,1337
0,0,0,0,1,1,1,0,1338
1,0,0,0,0,1,0,1,1339
0,0,1,1,1,1,0,0,1340
0,0,0,1,0,1,1,1,1341
0,1,0,0,0,0,1,0,1342
1,0,0,0,0,1,1,0,1343
1,1,1,0,0,0,0,1,1344
0,0,1,0,0,1,0,0,1345
1,0,0,0,1,0,1,0,1346
0,1,0,1,0,0,0,1,1347
1,0,1,0,0,1,0,0,1348
0,1,0,0,1,0,1,0,1349
0,1,0,0,0,1,1,0,1350
1,0,0,1,0,0,0,1,1351
0,1,0,0,0,1,1,0,1352
0,1,1,0,0,0,1,0,1353
1,0,0,1,0,0,1,0,1354
1,0,1,0,0,0,0,1,1355
0,0,1,1,0,0,0,0,1356
0,1,0,0,1,1,0,0,1357
1,0,1,0,0,0,1,0,1358
1,0,1,1,0,1,0,0,1359
0,1,0,1,0,1,0,1,1360
1,0,1,1,0,0,1,0,1361
1,1,0,0,0,0,1,0,1362
0,0,0,0,1,1,0,1,1363
0,0,0,1,1,0,0,1,1364
0,0,0,0,0,0,1,1,1365
0,1,0,1,0,0,1,1,1366
0,0,1,1,1,0,0,0,1367
0,1,1,0,0,0,1,1,1368
0,1,0,0,0,1,0,1,1369
0,0,1,0,0,0,1,1,1370
0,1,0,1,0,0,0,1,1371
0,1,0,0,0,0,1,1,1372
1,1,1,0,0,0,0,0,1373
0,0,1,0,0,0,1,0,1374
0,1,0,0,1,1,0,0,1375
0,0,1,1,0,0,0,1,1376
0,0,1,0,0,1,1,0,1377
1,0,0,0,0,1,0,0,1378
0,0,0,1,0,1,1,0,1379
1,0,0,0,1,1,0,0,1380
1,0,1,0,0,1,0,0,1381
0,0,1,1,0,1,1,0,1382
1,0,1,1,0,0,0,1,1383
0,0,0,1,0,0,1,1,1384
0,0,0,0,0,0,0,1,1385
0,0,0,0,1,1,0,0,1386
1,1,0,1,0,0,0,0,1387
0,0,0,0,0,0,1,0,1388
1,0,1,0,1,0,0,0,1389
0,1,0,0,0,0,0,1,1390
1,0,0,0,0,0,1,0,1391
1,0,0,1,1,0,0,0,1392
1,0,0,0,0,1,1,0,1393
1,0,0,0,1,0,0,1,1394
0,0,0,0,1,1,0,0,1395
1,0,0,0,1,1,0,0,1396
0,1,0,0,0,0,0,1,1397
0,1,1,0,0,0,1,0,1398
0,0,1,0,0,1,0,0,1399
0,1,0,1,0,0,0,1,1400
0,0,0,1,1,0,0,1,1401
0,0,1,0,1,0,1,1,1402
0,0,1,0,1,0,1,1,1403
0,0,0,0,0,0,1,1,1404
0,0,1,0,1,0,0,1,1405
0,0,0,0,1,1,0,0,1406
0,1,0,0,0,1,0,1,1407
0,0,0,1,0,0,1,1,1408
0,1,0,1,0,1,0,1,1409
0,1,0,0,0,1,0,0,1410
1,0,0,0,1,0,1,0,1411
1,1,0,0,0,1,0,0,1412
1,0,0,1,0,1,0,0,1413
1,1,0,0,0,1,0,0,1414
0,1,0,0,0,0,0,1,1415
1,0,1,0,0,1,0,0,1416
0,0,1,0,0,0,1,1,1417
1,0,1,0,0,1,0,0,1418
0,0,0,1,1,0,1,1,1419
0,1,0,0,1,1,0,0,1420
1,0,0,0,1,0,0,1,1421
0,1,0,1,0,1,0,0,1422
0,1,1,0,1,0,0,1,1423
0,0,0,0,1,1,1,0,1424
1,0,0,0,1,0,1,1,1425
1,0,0,0,1,0,0,1,1426
0,1,1,0,0,0,0,0,1427
0,1,0,0,0,1,0,1,1428
0,0,1,0,1,0,1,0,1429
0,0,0,0,1,1,0,0,1430
0,1,1,0,0,1,1,0,1431
1,0,0,1,1,0,0,1,1432
0,0,0,1,1,1,1,0,1433
0,1,0,0,0,1,1,0,1434
1,0,0,0,0,0,1,0,1435
1,0,0,0,0,0,0,1,1436
1,0,0,1,1,0,0,0,1437
0,0,1,0,1,0,0,1,1438
0,1,1,0,0,0,1,0,1439
0,0,0,0,0,0,1,0,1440
0,0,1,1,0,0,0,1,1441
0,0,0,1,0,1,0,1,1442
0,0,1,0,1,1,0,0,1443
0,1,0,0,1,0,1,0,1444
0,0,1,0,1,0,0,1,1445
1,1,0,1,0,0,0,0,1446
1,0,0,0,0,1,1,0,1447
0,1,1,0,0,1,0,0,1448
1,1,0,0,0,0,0,1,1449
0,0,1,0,0,0,0,1,1450
1,0,0,0,1,0,0,1,1451
0,1,0,0,0,0,0,1,1452
0,1,0,1,1,0,0,1,1453
0,1,0,1,1,0,0,1,1454
1,0,1,0,0,0,1,0,1455
1,0,0,1,1,0,0,0,1456
0,1,0,0,1,0,1,1,1457
0,0,0,1,1,0,0,1,1458
0,0,0,1,1,0,0,1,1459
0,0,1,1,0,1,0,0,1460
0,0,0,1,0,0,1,0,1461
0,1,0,0,1,1,1,0,1462
1,1,0,0,0,0,0,1,1463
1,0,1,0,0,1,0,1,1464
0,1,0,0,0,1,1,0,1465
0,1,0,0,0,1,0,0,1466
1,0,0,1,0,0,0,1,1467
0,1,0,0,0,0,1,0,1468
1,0,1,0,0,1,1,0,1469
0,0,0,1,0,1,0,0,1470
0,1,1,0,1,0,1,0,1471
1,1,0,0,1,0,0,1,1472
0,0,0,0,0,1,0,1,1473
1,1,0,0,0,0,0,1,1474
0,0,1,1,1,0,0,1,1475
0,0,1,1,0,0,1,0,1476
0,0,1,0,0,0,1,1,1477
0,0,1,0,1,0,1,0,1478
0,1,0,0,1,1,1,0,1479
1,0,0,0,0,1,0,0,1480
0,1,0,0,1,0,0,1,1481
0,0,0,1,0,1,1,0,1482
1,0,0,1,1,1,0,0,1483
0,0,1,0,1,1,0,0,1484
0,0,1,0,0,1,0,1,1485
1,0,0,1,0,0,0,0,1486
0,0,1,0,1,1,0,0,1487
0,0,1,0,0,1,0,1,1488
0,1,0,1,0,0,0,1,1489
1,0,0,0,1,0,0,1,1490
0,1,0,1,1,0,0,0,1491
1,0,0,0,0,0,1,1,1492
1,0,0,0,0,0,1,1,1493
1,0,0,0,1,1,0,0,1494
0,0,1,0,0,1,0,1,1495
0,0,0,0,1,1,0,0,1496
0,1,0,0,1,1,0,1,1497
1,1,0,0,0,0,1,1,1498
0,1,1,1,0,1,0,0,1499
1,0,0,0,1,1,1,0,1500
0,1,0,0,0,1,0,1,1501
1,0,0,0,1,1,0,0,1502
0,0,0,1,0,0,1,1,1503
0,0,0,1,0,1,0,0,1504
1,1,0,0,0,0,0,1,1505
0,1,0,0,0,1,1,1,1506
1,1,0,0,0,0,1,0,1507
0,0,1,0,0,1,0,1,1508
0,1,0,1,0,0,0,0,1509
0,0,1,1,1,0,0,0,1510
0,0,0,0,0,1,1,1,1511
0,0,1,0,1,0,1,0,1512
0,1,0,1,0,0,0,0,1513
0,0,1,0,1,0,0,1,1514
1,0,0,0,0,0,1,0,1515
0,1,1,0,0,0,0,1,1516
0,1,0,0,0,1,1,1,1517
0,0,0,0,1,1,1,1,1518
1,0,0,0,0,0,1,1,1519
0,0,1,0,0,1,0,1,1520
0,1,1,0,0,1,0,0,1521
1,0,0,0,1,1,1,0,1522
0,0,0,0,0,1,1,1,1523
0,0,0,0,0,1,1,1,1524
0,0,0,1,0,1,0,0,1525
1,0,0,1,0,0,0,1,1526
0,0,0,0,0,1,1,1,1527
0,0,0,1,0,1,0,1,1528
0,1,0,1,0,0,0,0,1529
0,0,0,0,1,0,1,1,1530
0,1,0,0,0,0,1,1,1531
0,0,1,1,0,0,0,1,1532
0,0,1,0,1,0,1,0,1533
1,0,0,0,0,1,1,0,1534
1,0,0,0,0,0,1,0,1535
0,1,0,0,0,0,0,0,1536
1,1,0,0,0,0,0,0,1537
0,0,1,0,0,1,0,0,1538
1,1,0,0,0,1,0,0,1539
0,0,0,1,0,0,0,1,1540
0,1,0,1,0,0,0,0,1541
0,0,1,1,0,1,0,1,1542
0,1,1,0,0,0,0,1,1543
1,0,0,0,1,0,0,0,1544
1,1,0,1,0,0,1,0,1545
1,0,1,0,0,0,1,0,1546
0,1,1,0,1,0,0,0,1547
1,1,0,0,1,0,0,1,1548
0,1,0,0,0,0,1,0,1549
1,0,0,0,0,1,1,0,1550
1,0,1,0,0,0,0,0,1551
0,1,0,0,0,1,0,1,1552
1,1,0,0,1,0,0,1,1553
0,1,0,0,0,1,1,0,1554
1,1,0,1,0,0,0,0,1555
0,1,1,0,0,0,1,1,1556
1,0,0,0,0,1,0,0,1557
0,0,1,1,0,0,0,1,1558
1,0,0,0,1,1,0,0,1559
1,0,1,0,1,1,0,0,1560
0,1,0,0,0,0,0,1,1561
0,0,0,1,1,0,0,1,1562
0,0,1,0,1,0,0,1,1563
0,1,0,0,0,0,1,0,1564
1,1,1,0,0,0,0,0,1565
0,1,0,1,0,1,0,1,1566
0,0,0,0,1,0,0,0,1567
1,0,0,1,0,1,0,1,1568
0,1,1,1,0,0,0,1,1569
0,0,0,1,0,0,0,1,1570
0,1,1,0,0,0,0,1,1571
1,1,0,0,0,0,0,1,1572
0,1,0,0,1,0,0,1,1573
0,1,1,0,1,0,0,0,1574
0,0,0,0,0,1,1,0,1575
0,1,1,1,0,0,0,0,1576
0,1,0,1,0,0,0,1,1577
0,0,0,1,1,1,1,0,1578
0,1,1,0,0,0,1,0,1579
0,0,1,1,0,0,0,1,1580
1,0,0,1,1,0,0,1,1581
0,0,1,0,0,0,1,1,1582
0,1,1,1,0,0,0,0,1583
0,0,1,0,0,1,0,1,1584
1,0,1,0,0,0,0,1,1585
1,0,1,0,0,0,1,0,1586
0,0,1,0,0,0,0,1,1587
1,0,1,1,0,0,0,0,1588
0,1,0,0,0,0,1,0,1589
0,0,0,0,0,0,1,1,1590
0,0,1,0,1,0,0,1,1591
0,0,0,0,0,1,0,1,1592
0,0,1,0,1,1,0,0,1593
0,1,0,0,1,0,1,1,1594
1,0,0,0,1,1,0,1,1595
1,0,1,0,1,0,0,0,1596
0,0,1,0,0,0,0,0,1597
0,1,1,0,1,0,0,1,1598
0,1,1,0,0,0,0,1,1599
0,0,0,0,0,1,1,1,1600
0,0,0,1,1,0,0,1,1601
1,0,1,1,0,0,0,0,1602
0,1,0,1,1,0,0,0,1603
0,0,0,1,1,1,1,0,1604
1,0,0,1,0,0,1,0,1605
0,0,1,0,1,1,0,0,1606
1,0,0,0,0,1,1,0,1607
1,0,0,0,0,0,0,1,1608
0,1,0,0,1,0,0,1,1609
0,1,0,1,0,0,0,1,1610
0,1,1,0,0,0,0,0,1611
0,1,0,0,1,0,1,0,1612
1,1,0,0,0,1,0,1,1613
0,0,0,0,1,0,1,1,1614
0,1,0,1,0,1,1,0,1615
1,1,0,0,0,1,0,0,1616
0,0,0,0,0,1,1,1,1617
1,0,0,1,0,0,1,0,1618
0,1,0,0,1,1,0,1,1619
0,0,1,0,0,1,1,0,1620
0,1,1,0,0,0,1,1,1621
0,1,0,0,1,1,0,0,1622
0,1,0,1,1,0,0,0,1623
0,0,1,0,0,0,0,1,1624
0,1,1,0,0,0,1,0,1625
0,0,0,1,0,1,1,0,1626
0,1,0,0,1,0,0,1,1627
0,1,1,0,0,0,0,1,1628
1,0,0,0,0,1,0,0,1629
0,0,1,1,0,1,0,0,1630
1,0,1,0,0,0,1,0,1631
0,1,0,1,0,0,1,0,1632
0,1,0,0,1,0,0,0,1633
0,0,0,0,1,1,1,0,1634
0,0,1,0,0,0,1,0,1635
0,0,0,0,1,0,1,0,1636
0,0,0,0,1,0,1,1,1637
1,1,0,0,0,0,1,0,1638
1,1,0,0,0,0,1,1,1639
0,0,0,1,1,1,1,0,1640
1,1,0,0,1,1,0,0,1641
0,0,0,1,1,1,1,0,1642
0,0,1,0,1,1,0,0,1643
0,1,0,0,0,1,0,1,1644
1,0,0,0,0,1,0,1,1645
0,0,1,1,0,1,0,1,1646
0,1,0,0,1,1,0,0,1647
0,1,0,0,1,1,0,1,1648
1,0,1,1,0,0,0,0,1649
0,1,1,1,0,0,0,1,1650
1,0,0,0,1,0,1,0,1651
0,1,1,1,1,0,0,0,1652
0,1,1,0,0,0,0,0,1653
0,1,1,0,0,0,1,0,1654
0,0,1,0,1,0,0,0,1655
0,0,0,1,0,1,1,1,1656
0,1,1,0,0,0,0,1,1657
0,0,1,0,1,1,0,0,1658
0,0,0,1,0,0,0,1,1659
0,1,1,0,0,0,0,1,1660
1,0,1,1,0,0,0,0,1661
0,0,0,0,1,0,0,1,1662
0,1,0,0,0,0,0,1,1663
1,1,0,1,1,0,0,0,1664
0,0,0,1,1,1,0,0,1665
0,0,1,0,1,0,0,1,1666
1,1,0,0,0,0,0,0,1667
0,1,1,1,0,1,0,0,1668
0,0,0,1,0,0,1,1,1669
0,1,0,0,1,1,0,0,1670
0,0,0,1,0,0,0,1,1671
1,0,0,0,1,0,1,1,1672
0,1,1,0,1,1,0,0,1673
0,0,0,0,0,1,1,1,1674
1,0,1,0,0,0,0,1,1675
0,1,1,0,0,0,1,0,1676
0,1,0,0,0,1,0,1,1677
0,0,1,0,0,1,1,0,1678
1,0,1,1,0,1,0,0,1679
0,0,1,0,0,1,0,1,1680
0,1,1,0,1,0,0,0,1681
1,0,1,1,0,0,0,0,1682
0,0,0,0,1,1,0,1,1683
1,0,0,1,1,0,0,0,1684
0,0,1,0,1,0,1,1,1685
0,1,0,0,0,0,1,1,1686
0,0,1,1,0,0,1,0,1687
1,0,0,0,1,0,0,1,1688
0,0,1,0,1,1,0,0,1689
0,0,0,1,0,1,0,1,1690
1,0,1,0,0,0,1,0,1691
0,1,0,0,1,0,1,0,1692
1,0,0,0,0,0,0,1,1693
0,1,0,0,0,0,1,0,1694
1,0,1,0,1,0,1,0,1695
0,0,1,0,1,1,0,0,1696
1,0,0,1,1,0,0,0,1697
0,0,0,1,0,0,1,0,1698
1,0,0,0,0,0,0,1,1699
1,1,0,0,0,1,1,0,1700
0,0,0,1,1,0,0,0,1701
0,0,1,0,0,1,0,1,1702
0,1,0,0,0,1,0,0,1703
0,1,0,0,1,1,0,0,1704
1,0,0,0,1,1,0,0,1705
0,0,0,1,1,0,1,1,1706
1,1,1,0,0,0,0,0,1707
1,0,0,0,0,1,0,1,1708
0,0,0,0,1,1,1,0,1709
1,1,0,0,0,1,0,0,1710
0,0,0,0,1,1,0,1,1711
1,1,0,0,0,1,0,1,1712
0,1,1,0,0,1,0,0,1713
1,0,1,0,0,0,1,1,1714
1,0,1,0,1,0,0,0,1715
1,0,0,0,1,0,0,1,1716
0,1,0,0,0,1,0,0,1717
0,0,1,0,0,1,0,0,1718
1,0,0,1,0,0,1,0,1719
1,1,0,0,0,0,1,0,1720
0,0,0,0,1,1,0,0,1721
1,0,0,0,1,1,0,0,1722
0,1,1,0,0,0,0,1,1723
1,1,0,1,0,0,0,1,1724
0,1,1,0,1,0,0,0,1725
0,0,0,0,0,1,1,1,1726
0,0,0,0,1,1,0,1,1727
1,0,0,0,0,0,0,1,1728
1,1,0,0,0,0,0,1,1729
0,1,0,0,0,1,0,1,1730
0,1,1,0,0,0,0,0,1731
0,1,0,1,0,0,0,1,1732
0,0,1,0,0,1,0,1,1733
1,0,1,0,1,0,0,0,1734
0,0,1,0,1,1,0,0,1735
1,0,0,0,0,1,0,1,1736
0,0,1,1,0,0,1,0,1737
1,1,1,0,0,0,0,1,1738
0,0,1,0,0,0,1,0,1739
0,1,0,0,0,1,1,0,1740
0,0,0,1,0,1,1,0,1741
0,1,1,0,0,0,0,0,1742
1,0,0,1,0,0,0,0,1743
0,0,0,0,0,1,1,0,1744
0,0,0,1,0,0,0,1,1745
0,1,0,0,1,0,1,1,1746
0,0,0,1,0,1,0,1,1747
0,0,0,0,0,1,0,1,1748
1,1,0,1,0,0,0,1,1749
0,0,1,0,0,1,1,0,1750
1,0,1,0,0,1,0,1,1751
1,1,0,1,0,0,0,1,1752
1,1,0,0,0,0,1,0,1753
1,1,0,0,1,1,0,0,1754
0,0,1,0,1,0,0,1,1755
0,0,1,0,0,0,0,1,1756
1,0,1,0,0,0,0,1,1757
0,1,1,1,0,0,0,0,1758
1,0,1,0,1,0,0,1,1759
0,1,0,0,0,0,1,0,1760
1,0,1,1,1,0,0,0,1761
1,0,0,1,1,0,0,0,1762
1,0,0,1,0,0,1,0,1763
0,0,1,0,1,0,1,0,1764
0,0,1,0,1,0,1,1,1765
0,1,0,0,1,1,1,0,1766
0,1,0,1,0,1,0,1,1767
0,0,0,0,0,1,1,0,1768
1,0,0,0,1,1,0,0,1769
0,1,0,0,0,0,0,1,1770
0,1,0,0,0,1,0,0,1771
0,1,0,0,0,1,0,1,1772
1,0,1,0,1,0,0,0,1773
0,1,0,0,1,1,1,0,1774
1,0,0,1,0,0,0,0,1775
0,0,0,0,0,1,1,1,1776
1,1,0,0,0,0,1,0,1777
0,1,0,0,1,1,0,1,1778
0,1,1,0,0,0,1,1,1779
1,1,0,0,1,1,0,0,1780
0,1,0,0,0,1,0,1,1781
0,0,0,1,0,1,1,0,1782
1,1,0,1,0,0,1,0,1783
0,0,0,1,0,0,1,0,1784
0,0,0,0,1,1,1,0,1785
0,1,0,0,0,1,0,1,1786
0,0,0,0,0,0,1,1,1787
0,1,0,0,1,0,0,1,1788
0,1,0,1,0,0,1,1,1789
1,1,0,0,0,1,0,0,1790
1,1,0,0,1,0,1,0,1791
1,1,1,0,0,0,0,0,1792
1,0,0,1,1,0,1,0,1793
1,1,0,0,1,0,0,1,1794
0,1,0,0,1,1,0,0,1795
1,1,0,0,0,0,0,0,1796
0,1,0,1,0,1,0,0,1797
0,1,1,1,0,0,0,0,1798
1,0,0,1,0,0,1,0,1799
0,1,1,0,1,0,1,0,1800
0,1,0,0,1,1,0,1,1801
0,0,1,0,1,1,0,0,1802
1,1,0,0,0,0,1,0,1803
0,0,0,0,1,0,0,1,1804
1,0,0,1,0,0,0,1,1805
0,0,0,1,1,1,0,0,1806
0,0,0,1,1,1,0,0,1807
0,1,0,0,0,1,0,0,1808
1,1,0,0,0,1,0,0,1809
0,0,1,0,0,1,0,0,1810
0,1,0,0,0,0,1,0,1811
1,0,0,0,0,0,0,1,1812
1,1,0,0,1,0,0,0,1813
0,1,0,1,0,0,1,0,1814
0,0,0,1,1,0,0,1,1815
1,0,0,0,0,1,1,0,1816
0,0,1,0,0,1,0,1,1817
1,0,1,1,0,0,0,1,1818
0,0,1,1,1,1,0,0,1819
0,0,1,0,0,1,0,0,1820
1,0,0,0,0,0,1,1,1821
0,0,0,0,0,1,1,0,1822
0,1,1,0,0,1,0,0,1823
0,0,0,0,1,1,1,1,1824
0,1,0,0,1,0,0,1,1825
0,1,0,0,1,0,0,1,1826
0,1,0,1,0,0,0,1,1827
1,0,0,0,0,1,0,1,1828
0,1,0,1,0,1,0,0,1829
0,1,1,1,0,0,0,0,1830
0,1,0,1,0,0,1,0,1831
0,0,0,1,1,1,0,0,1832
1,0,0,0,1,1,0,0,1833
0,1,1,1,1,0,0,0,1834
0,0,1,0,0,0,1,0,1835
0,0,1,0,1,0,0,1,1836
1,0,1,0,0,0,0,1,1837
1,0,0,1,1,0,0,0,1838
1,1,0,1,1,0,0,0,1839
0,0,1,0,1,0,0,0,1840
0,0,1,1,0,1,1,0,1841
0,1,0,0,1,0,1,1,1842
1,1,0,0,0,1,0,1,1843
1,1,1,0,0,0,1,0,1844
0,1,0,0,0,0,0,1,1845
1,1,0,0,0,0,0,0,1846
0,0,0,0,0,0,1,1,1847
0,0,1,1,1,0,0,0,1848
0,1,0,1,0,0,0,0,1849
1,1,1,0,1,0,0,0,1850
0,0,0,1,1,0,1,0,1851
1,1,0,0,1,0,1,0,1852
1,1,0,0,0,1,0,0,1853
1,0,1,1,0,0,0,0,1854
1,0,1,0,1,0,0,0,1855
1,0,0,1,0,0,0,1,1856
0,0,0,1,1,0,0,1,1857
0,0,1,1,0,1,0,0,1858
0,0,1,1,0,1,0,0,1859
0,1,0,1,0,1,0,0,1860
0,1,0,0,0,1,0,0,1861
1,0,0,0,1,1,0,0,1862
1,1,0,1,0,0,0,0,1863
0,0,1,1,0,0,0,1,1864
1,0,1,0,1,0,0,1,1865
1,0,0,0,0,0,1,1,1866
0,1,1,0,1,1,0,0,1867
1,0,0,1,0,0,1,0,1868
0,1,0,0,0,1,0,0,1869
0,0,0,1,0,1,0,1,1870
1,0,1,0,0,0,0,1,1871
0,1,0,1,0,0,1,0,1872
0,0,0,1,0,0,1,1,1873
0,1,1,0,0,0,0,0,1874
1,1,1,1,0,0,0,0,1875
0,0,1,0,1,1,1,0,1876
1,0,0,0,1,0,0,1,1877
0,0,1,0,1,1,0,0,1878
1,0,1,1,0,0,0,0,1879
0,1,0,0,0,1,1,0,1880
1,1,0,0,1,0,0,0,1881
1,1,0,1,0,0,0,1,1882
0,0,0,0,1,1,0,1,1883
0,1,1,0,1,0,1,0,1884
1,0,1,0,0,0,0,1,1885
0,1,0,0,0,0,1,1,1886
0,1,1,0,0,0,1,1,1887
1,0,0,0,0,0,0,1,1888
1,0,0,0,0,1,1,0,1889
0,0,0,0,0,0,1,1,1890
1,1,1,0,0,0,1,0,1891
0,0,1,0,0,0,1,0,1892
0,1,0,1,0,0,0,0,1893
0,1,1,0,0,0,1,0,1894
1,0,1,0,0,0,0,0,1895
0,0,1,0,1,1,0,1,1896
1,1,0,0,0,1,1,0,1897
0,1,1,0,1,0,0,1,1898
0,1,0,0,1,1,0,0,1899
0,0,1,0,1,0,0,1,1900
0,0,1,1,0,1,0,0,1901
0,1,0,0,0,0,1,1,1902
0,0,0,0,1,1,1,0,1903
1,0,1,1,0,0,0,0,1904
1,0,1,0,1,0,0,0,1905
0,1,0,1,0,0,0,1,1906
0,1,1,1,1,0,0,0,1907
1,1,0,0,1,0,0,0,1908
1,0,0,0,0,0,1,0,1909
0,0,0,1,0,1,1,0,1910
1,0,0,0,1,0,0,1,1911
1,0,0,0,0,0,0,1,1912
0,0,1,0,1,1,0,0,1913
1,0,0,1,0,0,0,0,1914
0,1,1,0,0,0,1,1,1915
0,0,0,1,1,0,1,0,1916
0,0,1,0,0,0,0,0,1917
0,1,0,0,0,1,1,1,1918
0,1,0,1,0,0,0,0,1919
0,1,0,0,0,1,0,0,1920
0,0,1,0,0,1,1,0,1921
0,0,0,0,1,1,1,0,1922
0,0,0,1,1,1,1,0,1923
0,1,0,0,0,1,0,1,1924
1,0,1,0,0,1,1,0,1925
0,1,0,0,0,0,0,1,1926
0,0,0,0,1,1,1,0,1927
0,1,1,0,1,0,0,0,1928
0,1,0,1,1,0,0,0,1929
0,1,0,0,1,1,0,0,1930
1,1,0,0,0,1,1,0,1931
1,0,0,0,0,0,0,1,1932
0,1,0,0,0,1,0,0,1933
1,0,0,1,0,0,1,0,1934
0,1,1,1,0,0,0,0,1935
1,0,0,0,1,0,0,1,1936
0,0,1,1,1,0,0,0,1937
1,0,1,0,0,1,0,1,1938
1,0,1,0,0,1,0,0,1939
1,0,0,0,0,0,0,0,1940
0,0,0,0,1,1,0,0,1941
1,0,0,0,0,1,0,1,1942
0,0,1,0,0,0,1,1,1943
0,0,0,0,1,1,1,1,1944
0,1,0,0,0,1,0,0,1945
1,0,0,0,0,0,1,1,1946
0,0,0,1,1,0,0,1,1947
0,0,1,0,0,0,1,0,1948
0,0,1,1,0,0,0,1,1949
0,0,0,1,1,0,0,0,1950
0,0,0,0,0,0,1,1,1951
0,0,1,0,0,0,1,0,1952
0,0,1,0,0,1,0,1,1953
0,0,1,0,0,0,1,1,1954
0,0,0,0,1,0,1,0,1955
0,0,1,0,0,1,0,1,1956
1,0,1,0,0,0,0,1,1957
0,0,1,0,0,0,1,1,1958
0,0,0,0,1,1,0,0,1959
0,0,0,1,0,0,0,1,1960
0,0,1,0,0,1,0,0,1961
0,1,1,0,0,0,0,0,1962
1,0,0,1,1,0,1,0,1963
1,0,0,1,0,0,0,1,1964
0,0,1,0,0,1,1,0,1965
0,1,0,0,0,1,1,0,1966
